name,address,,,,,,,,,,
Chemist,"New Delhi, Delhi",,,,,,,,,,
Kemicura Dispensing Chemist,"New Delhi, Delhi ",,,,,,,,,,
Health Plus Pharmacy,"New Delhi, Delhi ",,,,,,,,,,
Chemist,"New Delhi, Delhi",,,,,,,,,,
Pooja chemist,"New Delhi, Delhi",,,,,,,,,,
All India Chemist,"New Delhi, Delhi",,,,,,,,,,
Chemist Shop,"New Delhi, Delhi",,,,,,,,,,
Anand Chemist,"New Delhi, Delhi ",,,,,,,,,,
Degree Medicos,"New Delhi, Delhi",,,,,,,,,,
Shree Hari Om Pharma,"New Delhi, Delhi · In Mehrauli Market",,,,,,,,,,
M. P. Chemist,"New Delhi, Delhi ",,,,,,,,,,
Guardian Pharmacy,"New Delhi, Delhi",,,,,,,,,,
Medicos Pharmacy,"New Delhi, Delhi ",,,,,,,,,,
A - One Pharmacy,"New Delhi, Delhi",,,,,,,,,,
Gulati Medicos,"New Delhi, Delhi · Near Mehrauli Terminal ",,,,,,,,,,
Apurv Medicos,Delhi · 011 6544 6410,,,,,,,,,,
Chemist Shop,"New Delhi, Delhi",,,,,,,,,,
Snehil chemist &cosmetics,"New Delhi, Delhi",,,,,,,,,,
Rajdhani Medical Store,099717 87367,,,,,,,,,,
Kuhu Medical Store,"New Delhi, Delhi ",,,,,,,,,,
