name,address
VASANT PHARMACY,"SHOP NO-1, C 14 · 098100 19339"
Apollo Pharmacy,Shop No 8 CSC · 088269 92339
Apollo Pharmacy,Shop No 42 CSC · 011 4984 6524
Apollo Pharmacy,"Rd, Building No 1, Pocket 7, Nelson Mandela, Road · 011 2613 9972"
Friend's Corner,"Shop No. 1, C-2, Market Vasant Kunj, Nelson Mandela Marg · 011 2689 9676"
A - One Pharmacy,Shop No.-23
Vasant Chemist,"on Main, Shop Num-K-95-A-3,Main Road, B9, Mehrauli Mahipalpur Rd"
Guardian Pharmacy,Vasant Kunj Marg
Alok Medicos,"C-24, Main Masoodpur,, Vasant Kunj · 070655 76900"
All India Chemist,"D-1/1189, Abdul Gaffar Khan Marg"
Apurv Medicos,"Shop No. 1-4/9 Road Opp. Gaushala, Near, Kishangarh - Mehrauli Rd · 011 6544 6410"
Pandey Chemist,"44B 9, Kishangarh - Mehrauli Rd · 099118 71911"
GiftLand Chemo Agencies,"Shop No-1, Sector - D2, DDA Mkt,, NEAR- ILBS HOSPITAL, Vasant Kunj · 011 2689 6345"
Snowbell Medicos,"C-1,Shop No-2, Masoodpur , Vasant Kunj · 097111 64271"
Govind Chemists,"D-3, DDA Shopping Centre, Vasant Kunj · 011 2689 7495"
Degree Medicos,"No.29, Gaushala Marg"
Amar Medicos,"Vasant Kunj - Mehrauli Road, 7/9, Baba Laturiya Marg · 095999 32370"
Fortis Healthworld,"Shop No-2, Pocket 8 & 9, Opp. G.D.Goenka School, Vasant Kunj · 011 2613 4264"
Big Pharmacy,"Shop No. 8, DDA Market, Nelson Mandela Rd · 011 4171 7004"
Sanjay Medicos,"D-5A, Shop No-2, Opp B-8 Gate,Vasant Kunj · 099994 97004"
